Date,Air flow rate,Rinse,%T-340 CTA,%Residue,Temp RX,ML Blow,Q concentration
12/11/2021 04:00,153.9168396,11.39760685,19.79999924,50,183.5505981,0,86.19999695
12/11/2021 10:00,159.6388092,9.993590355,20.20000076,50,183.3301239,0,86
12/11/2021 16:00,161.8670502,10.00779724,20.20000076,50,183.5278625,0,85.90000153
12/11/2021 22:00,162.6763916,10.01953506,20.39999962,50,183.4985199,0,85.69999695
13/11/2021 04:00,161.9260406,10.00190067,18.89999962,50,183.4426117,0,85.69999695
13/11/2021 10:00,161.75737,9.998873711,18.20000076,0,183.4286652,0,85.90000153
13/11/2021 16:00,162.5750732,9.975746155,17.79999924,0,183.43367,0,85.69999695
13/11/2021 22:00,161.6003571,8.002928734,19.20000076,0,183.5473022,0,85.5
14/11/2021 04:00,161.7901306,7.971514702,19.70000076,25,183.6687775,0,85.80000305
14/11/2021 10:00,161.4197388,8.020750046,19.20000076,0,183.4460144,0,86.40000153
14/11/2021 16:00,161.7961731,7.997916222,19.89999962,0,183.3951569,0,86
14/11/2021 22:00,162.3382263,8.001732826,18.10000038,25,183.6055908,0,86.19999695
15/11/2021 04:00,161.9622345,8.032930374,18.10000038,25,183.5688934,0,86.09999847
15/11/2021 10:00,161.6065826,7.98526001,17.39999962,25,183.3933868,0,85.90000153
15/11/2021 16:00,162.3974609,8.000443459,17,25,183.4324036,0,86.19999695
15/11/2021 22:00,162.0302277,7.988632202,17.39999962,25,183.3768158,3.488047361,85.5
16/11/2021 04:00,162.810379,8.006256104,20.60000038,0,183.4210205,3.488716125,85.5
16/11/2021 10:00,162.5547028,8.008810043,16.60000038,25,183.3783264,3.521512032,85.5
16/11/2021 16:00,170.3578644,7.993441582,15.19999981,50,183.3232269,3.49557972,85.09999847
16/11/2021 22:00,169.2983398,8.005720139,15,50,183.3761749,3.474552155,85
17/11/2021 04:00,169.8824005,7.989651203,17.39999962,50,183.4619751,3.502661705,85.40000153
17/11/2021 10:00,169.9907684,7.958064556,17.79999924,25,183.3804474,3.489857197,85.40000153
17/11/2021 16:00,169.503952,7.9953866,17.60000038,50,183.325882,3.487815619,85.59999847
17/11/2021 22:00,169.859436,8.001176834,16,50,183.2859039,3.510566235,86.09999847
18/11/2021 04:00,170.1856537,7.495936871,16,50,183.4271088,3.502411842,85.30000305
18/11/2021 10:00,168.754715,7.979694366,17,50,183.2229004,3.500959396,85.59999847
18/11/2021 16:00,170.6100006,8.016025543,16.79999924,50,183.4978943,3.499509096,85.19999695
18/11/2021 22:00,152.675827,4.010060787,15.60000038,50,183.5160065,3.480663061,85.40000153
19/11/2021 04:00,146.509079,3.985812902,15.89999962,50,183.4161224,3.503903151,85.59999847
19/11/2021 10:00,154.0075989,5.006864548,17.10000038,50,183.3883667,3.497565269,85.30000305
19/11/2021 16:00,154.2082977,4.993165493,16.20000076,50,183.4050446,3.489636898,86.69999695
19/11/2021 22:00,154.7004395,5.973915577,16.39999962,50,183.4691315,3.513988972,85.90000153
20/11/2021 04:00,161.9652252,5.975399017,15,75,183.4240417,3.49446559,85.30000305
20/11/2021 10:00,162.1761017,6.008066177,13.39999962,75,183.4832001,3.492339134,85.69999695
20/11/2021 16:00,162.3774567,5.999798298,16.29999924,75,183.4310303,3.495774031,85.59999847
20/11/2021 22:00,161.6956177,6.005915642,16.70000076,75,183.4121857,3.472905397,85.40000153
21/11/2021 04:00,161.8739471,6.016488075,16.39999962,75,183.4120789,3.495529175,85.90000153
21/11/2021 10:00,161.6691742,5.998077869,14,75,183.4088287,3.516312361,85.40000153
21/11/2021 16:00,162.2460175,6.021325111,14.30000019,75,183.3279266,3.525633812,85.09999847
21/11/2021 22:00,162.3108215,6.021947384,15.19999981,75,183.6519623,3.472904205,86.30000305
22/11/2021 04:00,161.2670898,5.990769863,16.79999924,75,183.3594666,3.500472784,85.09999847
22/11/2021 10:00,168.5666351,6.017520905,14.10000038,0,183.4285278,3.493831158,85.09999847
22/11/2021 16:00,170.7511902,5.989147186,15.30000019,75,183.4553833,3.503103018,85.69999695
22/11/2021 22:00,170.1641541,5.998544216,14.10000038,75,183.4854736,3.516857624,85.40000153
23/11/2021 04:00,169.9846191,6.012552738,14.5,75,183.3787384,3.500485182,85.5
23/11/2021 10:00,170.1237488,5.986155033,13.5,75,183.3935547,3.493427753,85.5
23/11/2021 16:00,170.2924805,6.018909454,14.80000019,75,183.3325043,3.490345716,85.09999847
23/11/2021 22:00,169.483078,5.99293232,15.69999981,75,183.3630219,3.499737263,85.30000305
24/11/2021 04:00,170.2754669,5.989181042,14,75,183.4203949,3.516381979,85.40000153
24/11/2021 10:00,170.056366,6.000586987,14.80000019,75,183.4585419,3.495491266,85.19999695
24/11/2021 16:00,170.4252014,6.005548954,15.30000019,75,183.3890381,3.48729229,85.5
24/11/2021 22:00,169.2812653,5.99488306,13.60000038,75,183.3268585,3.485160351,85.69999695
25/11/2021 04:00,169.9443665,6.027108192,12.69999981,75,183.4132538,3.495803595,85.90000153
25/11/2021 10:00,169.9979401,5.990488529,12.60000038,75,183.3044586,3.51175046,85.69999695
25/11/2021 16:00,170.230011,6.028117657,14.89999962,59.93686676,183.4985504,3.503656387,85.5
25/11/2021 22:00,170.7699127,6.005147934,14.10000038,75,183.5231171,6.749536514,85.80000305
26/11/2021 04:00,171.694046,5.988777637,14.5,75,183.3768616,0,87.09999847
26/11/2021 10:00,171.5103607,6.002198219,13.19999981,75,183.4505768,0,86.40000153
26/11/2021 16:00,172.266037,6.003098488,13.80000019,75,183.4318848,0,86.59999847
26/11/2021 22:00,171.6191711,6.000479698,12.5,75,183.7001495,0,86.59999847
27/11/2021 04:00,172.1089478,6.002860546,12.30000019,0,183.3779144,0,86.40000153
27/11/2021 10:00,171.5463715,6.01339674,13.19999981,75,183.2523499,0,86.40000153
27/11/2021 16:00,171.9107971,6.013226509,13.5,75,183.3629456,0,86.5
27/11/2021 22:00,171.5519714,5.976049423,13.19999981,75,183.4946747,0,87
28/11/2021 04:00,171.7460785,5.980830193,12.80000019,50,183.4571075,0,86.19999695
28/11/2021 10:00,172.0350037,6.000601292,13.19999981,75,183.6460571,0,86.30000305
28/11/2021 16:00,172.6182556,6.008234501,12.69999981,75,183.4501495,0,86.5
28/11/2021 22:00,171.9690247,6.019513607,13.19999981,75,183.3613434,0,86.19999695
29/11/2021 04:00,171.9929047,5.993052483,13.60000038,75,183.4416046,0,86.5
29/11/2021 10:00,171.9752197,6.479208469,16,75,183.394455,0,86.30000305
29/11/2021 16:00,171.9497986,7.002966404,15.30000019,75,183.3849487,0,85.90000153
29/11/2021 22:00,171.3349304,7.004094601,14.89999962,75,183.4017639,3.478635311,86.09999847
30/11/2021 04:00,171.5014343,7.015955448,16.20000076,75,183.4130402,3.493645668,85.40000153
30/11/2021 10:00,170.2376556,7.010865688,13.30000019,75,183.4381714,3.467678785,85.69999695
30/11/2021 16:00,170.5571442,7.020215034,14.5,75,183.3594666,3.513196945,85.69999695
30/11/2021 22:00,170.0002594,7.020066738,15.5,75,183.3755798,3.505228519,84.90000153
01/12/2021 04:00,170.6116638,7.016486168,14.60000038,75,183.366684,3.490489006,85.09999847
01/12/2021 10:00,170.3688965,7.006792545,14.19999981,75,183.4273071,3.495158195,85.80000305
01/12/2021 16:00,170.0683746,6.992914677,16.20000076,75,183.3931732,3.491956234,85.90000153
01/12/2021 22:00,170.0379639,7.004719734,15,75,183.4796143,3.497575998,85.80000305
02/12/2021 04:00,169.8676453,6.996232033,13.89999962,75,183.4039307,3.514925718,85.80000305
02/12/2021 10:00,169.9320221,7.015092373,13.39999962,75,183.4523315,4.70E-05,85.69999695
02/12/2021 16:00,169.7220154,6.98060751,14,75,183.4076691,3.511666059,85.80000305
02/12/2021 22:00,169.5797882,6.941144943,14,75,183.4944305,3.509265661,86
03/12/2021 04:00,170.3751678,6.981129646,15.39999962,75,183.4674225,3.512055635,85.59999847
03/12/2021 10:00,169.463623,6.993685722,14.80000019,75,183.5585175,3.471100807,84.69999695
03/12/2021 16:00,169.6810303,6.984838009,16.20000076,75,183.4350739,3.492412329,84.40000153
03/12/2021 22:00,170.0141296,7.000034332,16.70000076,75,183.4194794,3.480744123,85.80000305
04/12/2021 04:00,170.3816681,7.006693363,16.5,75,183.5010681,3.537282705,85.69999695
04/12/2021 10:00,169.2840118,6.980290413,14.39999962,75,183.8549347,3.502738237,85.59999847
04/12/2021 16:00,170.4875641,7.020900726,15.60000038,75,183.5953522,3.515247345,86.80000305
04/12/2021 22:00,169.9695587,6.989547253,16,75,183.3257446,3.502223969,85.69999695
05/12/2021 04:00,169.5989532,7.008703709,17.70000076,75,183.3702545,3.499396324,85.90000153
05/12/2021 10:00,169.7801208,6.999414444,16.20000076,75,183.3850403,3.505742073,86.09999847
05/12/2021 16:00,170.2257385,7.016319275,16.5,75,183.3572388,3.508873463,85.90000153
05/12/2021 22:00,169.8555908,7.024435043,16.79999924,75,183.3730469,3.512011528,86
06/12/2021 04:00,170.303772,6.96321106,16,75,183.3164978,3.50513196,85.40000153
06/12/2021 10:00,169.6430359,6.991663933,16.79999924,75,183.4587097,3.482419491,85.69999695
06/12/2021 16:00,170.0975952,6.975838661,17.10000038,75,183.4521942,3.493505716,85.69999695
06/12/2021 22:00,170.2442017,7.002528191,16.29999924,75,183.4039307,3.481188059,85.59999847
07/12/2021 04:00,170.417099,7.006163597,17.60000038,75,183.3344116,3.489356279,85.59999847
07/12/2021 10:00,169.8262024,8.01291275,17.5,100,183.3652191,3.476281404,85.69999695
07/12/2021 16:00,170.1524658,7.993296146,16,100,183.4816437,3.493330956,85.80000305
07/12/2021 22:00,169.770813,8.016792297,16.5,0,183.5046539,3.514346361,85.59999847
08/12/2021 04:00,170.1031647,8.00997448,17.5,100,183.3747253,3.489212513,85.59999847
08/12/2021 10:00,170.1970215,8.03828907,15.80000019,100,183.3941956,3.501188993,85.59999847
08/12/2021 16:00,169.8869781,7.982647896,16.39999962,100,183.3617249,3.47811985,85.5
08/12/2021 22:00,169.3360291,8.0128479,15.60000038,100,183.3919373,3.487107992,85.09999847
09/12/2021 04:00,169.5713501,7.988180161,16.20000076,100,183.379364,3.507280588,85.69999695
09/12/2021 10:00,169.7174072,7.971184731,12.80000019,100,183.3136902,3.539786577,85.40000153
09/12/2021 16:00,170.6928711,7.99832058,13.89999962,0,183.3829041,3.494425297,86
09/12/2021 22:00,170.7078705,7.997349739,15,100,183.5802765,4.938801289,85.59999847
10/12/2021 04:00,170.5062103,8.003082275,14.10000038,100,183.4945831,0.000156853,86
10/12/2021 10:00,171.6475525,8.003071785,15.39999962,100,183.64151,9.25E-05,85.90000153
10/12/2021 16:00,172.1793671,8.018715858,15.80000019,50,183.5927582,0.000100592,86.09999847
10/12/2021 22:00,171.7106323,7.991709709,15.5,50,183.3752594,0.000197432,86.30000305
11/12/2021 04:00,171.8261871,8.026450157,14.60000038,50,183.3728333,0.000222198,86.09999847
11/12/2021 10:00,171.6048431,7.989053726,16.20000076,50,183.3225861,0.000240857,86
11/12/2021 16:00,172.526123,8.01307106,16,75,183.5531464,2.36E-05,85.90000153
11/12/2021 22:00,172.075882,7.999153137,16,75,183.5184174,-6.30E-06,85.40000153
12/12/2021 04:00,172.3220367,8.027962685,17.39999962,75,183.4064789,4.08E-05,86.09999847
12/12/2021 10:00,171.0596771,7.984428883,16.20000076,75,183.4098663,8.07E-05,85.69999695
12/12/2021 16:00,171.7055359,7.950565815,16.10000038,75,183.3810272,0.000181559,86.30000305
12/12/2021 22:00,172.4953613,7.983481407,15.69999981,75,183.5293732,0.000224301,86
13/12/2021 04:00,171.938797,7.985139847,13.69999981,75,183.4241791,7.09E-07,85.90000153
13/12/2021 10:00,171.5695496,7.991991043,15.30000019,75,183.4714508,0.000308137,86
13/12/2021 16:00,173.1988678,7.99862051,16.89999962,0,183.4114227,2.95E-05,85.80000305
13/12/2021 22:00,172.7155914,7.993679047,18.20000076,0,183.4305878,0.05467831,86.40000153
14/12/2021 04:00,172.9866028,7.99878788,18.39999962,0,183.3910828,3.487948179,86.30000305
14/12/2021 10:00,172.9370728,8.979901314,19.10000038,25,183.4056549,3.476627588,85.90000153
14/12/2021 16:00,172.0820007,8.99871254,18.29999924,25,183.2440948,3.529244661,85.40000153
14/12/2021 22:00,170.6344604,8.996172905,17.70000076,50,183.502533,3.502293587,85.59999847
15/12/2021 04:00,171.4584503,9.008431435,17.70000076,50,183.4149628,3.514832258,85.80000305
15/12/2021 10:00,169.6210175,9.002922058,17.70000076,50,183.0007324,3.462981939,85.59999847
15/12/2021 16:00,170.1639862,9.005157471,19.70000076,50,183.3584137,3.498566151,85.80000305
15/12/2021 22:00,169.6214294,8.970728874,19.29999924,50,183.4446716,3.510186434,85.90000153
16/12/2021 04:00,170.3789215,8.996341705,19,50,183.3706207,3.476996422,85.90000153
16/12/2021 10:00,169.9853973,9.002425194,18.89999962,50,183.3891449,3.500891685,85.5
16/12/2021 16:00,170.0474243,8.985713005,17,75,183.4307404,3.500674725,85.69999695
16/12/2021 22:00,170.3599243,9.012874603,17.70000076,75,183.3597412,3.501829863,85.40000153
17/12/2021 04:00,170.5716858,9.039981842,16.70000076,75,183.4577179,3.479410887,85.40000153
17/12/2021 10:00,169.6311798,8.991000175,17.10000038,75,183.5964203,3.514527321,84.90000153
17/12/2021 16:00,170.1908264,8.968914032,16.89999962,75,183.2960968,3.517682076,85
17/12/2021 22:00,170.5625458,8.998186111,17,75,183.312973,3.508928061,85.5
18/12/2021 04:00,170.0818024,9.010055542,15.80000019,100,183.3919983,3.496260881,85.5
18/12/2021 10:00,169.4775238,8.972002029,14.39999962,100,183.3936768,3.49272275,85.40000153
18/12/2021 16:00,170.7306366,8.983849525,15.60000038,100,183.4341278,3.534075737,85.59999847
18/12/2021 22:00,170.124588,9.011165619,15.39999962,100,183.5298615,3.527971029,85.80000305
19/12/2021 04:00,169.7495728,9.011183739,15.80000019,100,183.5489044,3.504201174,85.80000305
19/12/2021 10:00,170.5528412,9.038700104,16.10000038,100,183.4042969,3.517447948,85.69999695
19/12/2021 16:00,170.2135162,9.006650925,16.29999924,100,183.4324951,3.510461807,85.80000305
19/12/2021 22:00,169.9922943,8.970235825,16.39999962,100,183.3809204,3.490742207,85.90000153
20/12/2021 04:00,169.6465302,8.995194435,14.30000019,75,183.3383026,3.486102343,85.90000153
20/12/2021 10:00,169.6823883,8.99244976,14.69999981,75,183.3774567,3.500115633,86.19999695
20/12/2021 16:00,170.2368927,9.004237175,15.5,25,183.4182892,3.484945059,85.80000305
20/12/2021 22:00,170.2402191,8.993818283,16,25,183.4550018,5.996724606,85.80000305
21/12/2021 04:00,170.1323547,9.023511887,18.5,25,183.4273529,3.559977055,85.80000305
21/12/2021 10:00,169.5342712,9.99399662,18.10000038,25,183.4183502,3.517827034,86
21/12/2021 16:00,170.144577,9.995012283,17,50,183.4184418,3.493878603,85.80000305
21/12/2021 22:00,169.6397705,10.04280567,16.60000038,50,183.3699188,3.493060827,86
22/12/2021 04:00,170.4117432,9.982225418,16,50,183.4902802,3.516812563,86.19999695
22/12/2021 10:00,169.7605438,10.00619221,18.20000076,50,183.3876038,3.484116793,86.30000305
22/12/2021 16:00,170.3268585,9.995485306,17.60000038,75,183.4623718,3.49561739,86
22/12/2021 22:00,169.690979,9.972065926,17.39999962,75,183.4777832,3.485109329,85.80000305
23/12/2021 04:00,170.3013153,10.00739384,16.79999924,75,183.3973083,3.518562555,85.80000305
23/12/2021 10:00,169.7749939,10.02382088,17.20000076,75,183.4589844,3.497282743,85.69999695
23/12/2021 16:00,169.87117,10.0002079,17.60000038,75,183.3892365,3.50861001,85.5
23/12/2021 22:00,170.8534698,10.0030241,16.20000076,75,183.3696289,5.078878403,85.80000305
24/12/2021 04:00,171.2552948,10.00493526,17.20000076,75,183.4996185,0.000173348,85.69999695
24/12/2021 10:00,I/O Timeout,I/O Timeout,17.39999962,I/O Timeout,I/O Timeout,I/O Timeout,86.30000305
24/12/2021 16:00,172.0416412,9.990653038,17.5,75,183.4359283,0.000103494,86.09999847
24/12/2021 22:00,171.6973877,9.998842239,16.60000038,50,183.5108032,0.000195927,86.40000153
25/12/2021 04:00,172.6551361,10.01828575,18.79999924,50,183.4346619,0.000202063,86.30000305
25/12/2021 10:00,171.7924805,10.01159573,16.39999962,50,183.3985748,2.74E-06,86.5
25/12/2021 16:00,172.3657074,9.986854553,17.5,50,183.508667,0.000279126,86.59999847
25/12/2021 22:00,171.2144928,10.000947,17.10000038,50,183.394577,0.000135086,85.90000153
26/12/2021 04:00,171.5956573,9.984814644,16.79999924,50,183.3685608,0.000274724,86.30000305
26/12/2021 10:00,171.7476654,9.987042427,16.60000038,50,183.3760529,1.90E-06,86
26/12/2021 16:00,172.9822693,9.984873772,17.60000038,50,183.4532776,7.27E-05,86
26/12/2021 22:00,171.3107605,10.01632977,16.5,75,183.4901581,8.38E-05,86.19999695
27/12/2021 04:00,171.7390442,10.01132202,16.29999924,75,183.4552612,0.000329051,85.90000153
27/12/2021 10:00,171.8068542,10.00305367,14.30000019,0,183.5129242,0.000203487,86.19999695
27/12/2021 16:00,172.1743927,9.999166489,15,50,183.3814087,0.000158749,86.19999695
27/12/2021 22:00,171.2615356,9.992230415,15.19999981,50,183.4813995,3.244383812,86.30000305
28/12/2021 04:00,171.4185333,9.999120712,16.79999924,50,183.5710907,3.486153126,85.69999695
28/12/2021 10:00,170.5974274,9.969826698,15.80000019,50,183.3937225,3.500308752,85.80000305
28/12/2021 16:00,170.614212,10.00368977,16.5,50,183.4028015,3.522769451,85.90000153
28/12/2021 22:00,169.9862213,9.999595642,17.29999924,50,183.434906,3.515426874,85.59999847
29/12/2021 04:00,170.5511627,10.00739288,16.29999924,50,183.4404297,3.487394571,85.40000153
29/12/2021 10:00,169.7114563,10.01273251,16.79999924,50,183.4353485,3.481153488,85.40000153
29/12/2021 16:00,169.7634583,10.00355911,18.60000038,50,183.3838043,3.486499071,85.59999847
29/12/2021 22:00,169.7329407,10.02188301,18.5,50,183.4834747,3.493824005,85.59999847
30/12/2021 04:00,169.8208618,10.0014286,18.20000076,50,183.3397217,3.492063522,85.90000153
30/12/2021 10:00,170.8356018,10.00370789,18.60000038,50,183.3394012,3.505391121,85.59999847
30/12/2021 16:00,170.0638733,9.96973896,18.39999962,50,183.514267,3.502446651,85.69999695
30/12/2021 22:00,170.0968475,9.995946884,17.10000038,75,183.2893219,3.502401829,85.69999695
31/12/2021 04:00,170.106369,10.01035595,16.20000076,75,183.4178925,3.505647182,85.69999695
31/12/2021 10:00,169.582428,9.988824844,16.39999962,75,183.5066071,3.485978365,85.69999695
31/12/2021 16:00,170.1757355,9.998688698,16.60000038,75,183.3648834,3.498655081,85.30000305
31/12/2021 22:00,170.5933075,9.989060402,16.5,75,183.4302216,3.500849962,85.80000305
01/01/2022 04:00,169.705658,10.00179005,17.5,0,183.3713684,3.49887681,85.69999695
01/01/2022 10:00,169.6177826,10.01219559,16.79999924,75,183.4240112,3.487154245,86
01/01/2022 16:00,169.4403839,10.00886917,17.20000076,75,183.3975525,3.492395401,86
01/01/2022 22:00,170.8856506,10.00109196,16.79999924,75,183.4659271,3.501136303,86.09999847
02/01/2022 04:00,170.0107574,9.987238884,17.70000076,75,183.318512,3.499253035,85.69999695
02/01/2022 10:00,169.631073,10.01831532,16.79999924,75,183.4799194,3.493096828,86
02/01/2022 16:00,170.2540741,9.986962318,17.29999924,0,183.3866425,3.504807949,85.59999847
02/01/2022 22:00,170.5839996,9.95025444,16,75,183.4237976,3.499961853,85.90000153
03/01/2022 04:00,170.4090729,9.983588219,16,75,183.393219,3.530061722,85.5
03/01/2022 10:00,169.5916138,10.01112747,17.20000076,75,183.5393066,3.486108065,85.69999695
03/01/2022 16:00,169.5845795,9.987476349,15.5,75,183.3794861,3.494930506,85.69999695
03/01/2022 22:00,170.5245056,10.01261902,15,75,183.5629425,3.502485514,85.80000305
04/01/2022 04:00,170.2178955,10.00497532,16.20000076,75,183.2877045,3.5,85.80000305
04/01/2022 10:00,169.8458252,10.0063448,16.29999924,75,183.4382172,3.485681057,85.5
04/01/2022 16:00,169.8601837,10.00088692,16.79999924,75,183.4570923,3.510229588,85.69999695
04/01/2022 22:00,169.7914734,9.98693943,16.70000076,75,183.4991913,3.486634731,85.80000305
05/01/2022 04:00,170.3479919,10.04001045,16.39999962,75,183.3932495,3.487051487,85.5
05/01/2022 10:00,169.3700714,9.98171711,15.30000019,75,183.243454,3.482720375,85.19999695
05/01/2022 16:00,169.9104156,9.962670326,16,75,183.3606415,3.500642061,85.19999695
05/01/2022 22:00,169.3942719,10.02511406,15.39999962,0,183.3968658,3.478766918,85.90000153
06/01/2022 04:00,170.3685303,9.992296219,16.70000076,75,183.4381256,3.544859171,86.30000305
06/01/2022 10:00,169.7004852,10.01033211,15.89999962,75,183.3350983,3.493055582,85.80000305
06/01/2022 16:00,170.9845123,9.987459183,17,75,183.450531,3.517420053,85.59999847
06/01/2022 22:00,171.239563,10.04000092,17.70000076,75,183.4829865,6.749534607,86.09999847
07/01/2022 04:00,170.8516998,10.01562977,14.60000038,75,183.3491211,0.000124342,86.5
07/01/2022 10:00,171.1569824,10.0126791,17,75,183.4076843,7.75E-05,86.5
07/01/2022 16:00,171.7289429,9.9874506,17.20000076,75,183.3316345,0.000151032,86.30000305
07/01/2022 22:00,172.0959167,10.00854015,16.20000076,75,183.488327,0.00038081,86.19999695
08/01/2022 04:00,171.8691711,9.999432564,15.60000038,75,183.3944244,0.000391824,86.5
08/01/2022 10:00,171.467804,10.0474472,16.20000076,75,183.3661957,1.38E-05,86.30000305
08/01/2022 16:00,172.585968,9.995391846,16.70000076,75,183.3658752,0.000186565,86.19999695
08/01/2022 22:00,171.8874359,9.956579208,15.89999962,0,183.3944397,0.00015467,86.19999695
09/01/2022 04:00,172.8364105,10.01425457,16.5,50,183.4889832,0.000267203,86.59999847
09/01/2022 10:00,171.4945221,10.02302551,16.39999962,50,183.4560394,6.55E-05,86.09999847
09/01/2022 16:00,171.6929169,9.982263565,16.70000076,50,183.3479614,0.000236517,86.30000305
09/01/2022 22:00,172.1931152,9.993187904,17.70000076,50,183.5002136,1.31E-05,86
10/01/2022 04:00,171.7705536,10.00524712,17.39999962,50,183.4662628,0.000124406,86.19999695
10/01/2022 10:00,171.5589294,10.00091076,16.5,0,183.4495544,0.000127566,86.69999695
10/01/2022 16:00,172.2442474,9.996552467,18.60000038,50,183.391571,6.10E-05,85.80000305
10/01/2022 22:00,172.0531158,10.01667976,15.5,50,183.3892517,3.367608309,86.30000305
11/01/2022 04:00,170.5446167,10.0069437,16,50,183.1966248,3.510932446,86
11/01/2022 10:00,170.7218628,9.992728233,16.89999962,50,183.4123535,3.494089365,85.19999695
11/01/2022 16:00,170.6900024,9.966926575,18.20000076,50,183.3716736,3.517938137,85.19999695
11/01/2022 22:00,170.103302,10.00092983,17.89999962,50,183.4165802,3.491873741,85.40000153
12/01/2022 04:00,170.0066223,10.02538395,17.89999962,50,183.5666962,3.458601952,85.59999847
12/01/2022 10:00,169.36763,10.00492859,17.10000038,50,183.4174652,3.500135422,85.80000305
12/01/2022 16:00,170.0022278,10.01314354,16.79999924,50,183.442276,3.532133341,85.59999847
12/01/2022 22:00,169.8396149,10.00540829,16.60000038,50,183.3965607,3.476573467,85.59999847
13/01/2022 04:00,169.7624664,10.01904392,17.29999924,50,183.4374542,3.498859882,85.80000305
13/01/2022 10:00,169.7821198,10.01472282,18.20000076,50,183.3870392,3.498817205,85.90000153
13/01/2022 16:00,170.2260895,10.0000658,18.29999924,50,183.4347076,3.510508776,85.90000153
13/01/2022 22:00,170.6365662,10.00089455,16.5,50,183.3964386,6.748501778,85.90000153
14/01/2022 04:00,170.1529846,9.993759155,19,50,183.5512848,3.510265589,85.80000305
14/01/2022 10:00,169.175415,9.997504234,17.89999962,50,183.5079956,3.494273663,85.80000305
14/01/2022 16:00,169.6543579,9.997561455,17.10000038,50,183.3600769,3.490109921,86.09999847
14/01/2022 22:00,169.9331512,10.0234375,17.39999962,50,183.385025,3.48800683,86
15/01/2022 04:00,170.1975098,10.00964355,14.19999981,50,183.5123901,3.508359671,85.69999695
15/01/2022 10:00,170.218689,10.01187134,18.79999924,50,183.314682,3.506530046,85.40000153
15/01/2022 16:00,170.4655914,9.993997574,18.60000038,50,183.4445648,3.534775019,85.69999695
15/01/2022 22:00,169.4543457,9.960188866,17.39999962,50,183.4396057,3.509487867,85.69999695
16/01/2022 04:00,169.8013763,10.04175663,17.20000076,50,183.425827,3.513664484,86
16/01/2022 10:00,169.6359253,10.00448895,19,50,183.4025421,3.509245157,85.59999847
16/01/2022 16:00,169.5813904,10.01549625,16.5,50,183.2799072,3.477440834,85.5
16/01/2022 22:00,170.3177643,9.983169556,16.10000038,50,182.9770508,4.78E-05,85.80000305
17/01/2022 04:00,170.6777039,10.00804138,17.70000076,50,182.7990723,3.478080511,85.69999695
17/01/2022 10:00,169.6676636,9.995399475,17.10000038,50,182.8768768,3.481281042,85.5
17/01/2022 16:00,170.3799438,9.969634056,17.70000076,50,182.8473511,3.490332127,85.69999695
17/01/2022 22:00,170.4600983,10.00215244,17.79999924,50,182.9277802,3.486969233,85.59999847
18/01/2022 04:00,170.0164795,10.00262642,17.60000038,50,182.9041138,3.499266624,85.59999847
18/01/2022 10:00,169.879425,9.978963852,17.5,50,183.0459747,3.493584871,86.90000153
18/01/2022 16:00,170.3786621,9.995142937,18.5,50,182.9571075,3.552651882,85.40000153
18/01/2022 22:00,170.2484741,9.991323471,18.5,50,183.0345306,3.492783785,85.59999847
19/01/2022 04:00,169.8947754,9.997745514,18.39999962,50,182.9476471,3.502330303,86
19/01/2022 10:00,169.5405121,10.00697327,17.20000076,50,182.9266968,3.496944666,85.69999695
19/01/2022 16:00,169.9350739,10.00767994,16.79999924,50,182.8283844,3.505129337,86
19/01/2022 22:00,169.7812195,10.01846981,16.89999962,50,182.8483276,3.49964118,85.80000305
20/01/2022 04:00,169.9391327,10.01372433,18.89999962,50,182.9586792,3.487924099,85.69999695
20/01/2022 10:00,170.2420349,9.952924728,19,50,182.92099,3.514909744,86.30000305
20/01/2022 16:00,170.595108,10.00144863,18.60000038,50,182.9110565,3.487681627,85.90000153
20/01/2022 22:00,170.0029144,9.989557266,18.20000076,50,182.8696289,6.749743462,85.5
21/01/2022 04:00,170.249649,9.958345413,18.60000038,50,182.8544159,3.496302128,86.30000305
21/01/2022 10:00,170.5042572,10.0054903,16.20000076,50,182.954071,3.495303392,85.80000305
21/01/2022 16:00,170.1234436,9.97923851,17.10000038,50,183.0252075,3.518023491,86.09999847
21/01/2022 22:00,170.0314178,10.00843716,17.5,50,182.9892731,3.522325277,86
22/01/2022 04:00,170.0643463,10.00008869,18.39999962,50,182.785614,3.526245117,85.69999695
22/01/2022 10:00,169.5434723,9.997428894,16.60000038,50,182.9188385,3.489594698,85.80000305
22/01/2022 16:00,170.1013794,9.98982048,17.39999962,50,182.9160004,3.491666317,85
22/01/2022 22:00,169.5054932,10.00194073,19.29999924,50,182.9273682,3.484948635,85.80000305
23/01/2022 04:00,170.4929657,10.00305367,19.20000076,50,182.9839935,3.49796176,86
23/01/2022 10:00,169.7865601,9.989248276,17.89999962,50,183.1280365,3.494541883,86.30000305
23/01/2022 16:00,169.4608154,10.00098324,18.29999924,50,182.8479462,3.488710165,85.59999847
23/01/2022 22:00,169.6903687,9.990764618,17.20000076,50,183.0050201,3.512164354,85.90000153
24/01/2022 04:00,169.4174805,9.987941742,18.60000038,50,183.0561066,3.478661299,85.90000153
24/01/2022 10:00,169.5887451,9.989759445,18.39999962,50,182.7630463,3.476070166,85.90000153
24/01/2022 16:00,170.0657806,9.990211487,19.89999962,50,182.9581451,3.524526358,86
24/01/2022 22:00,169.7266693,10.00978661,20.20000076,50,182.8605957,3.519543648,85.80000305
25/01/2022 04:00,170.2013397,9.98674202,16.20000076,50,182.9369202,3.502936602,86.19999695
25/01/2022 10:00,169.4662018,10.00728321,16.39999962,50,182.876297,3.491517544,86.19999695
25/01/2022 16:00,170.2574768,9.990128517,18.60000038,50,182.9439545,3.495923758,85.5
25/01/2022 22:00,170.3526764,10.01809311,18.39999962,50,182.912674,3.513805389,86
26/01/2022 04:00,169.3796692,9.989374161,17.39999962,50,182.9277496,3.532538176,85.59999847
26/01/2022 10:00,169.9335632,9.938960075,19.39999962,50,182.9683533,3.471310377,86
26/01/2022 16:00,170.4019928,10.00431538,18.60000038,50,182.841568,3.517351389,86
26/01/2022 22:00,170.1833649,10.01917934,18.5,50,183.0410309,3.476928949,85.59999847
27/01/2022 04:00,170.3737183,10.01126862,17,50,182.8468628,3.501705885,85.80000305
27/01/2022 10:00,169.7477264,10.00531673,17.5,50,182.8704529,3.485062838,85.80000305
27/01/2022 16:00,169.7043152,9.941041946,18.79999924,50,182.8398743,3.496464014,85.90000153
27/01/2022 22:00,170.1336517,9.997330666,18.39999962,50,182.8607483,3.512084723,85.59999847
28/01/2022 04:00,170.4554291,10.01757145,18.20000076,50,182.9187469,3.485521793,85.5
28/01/2022 10:00,169.8127594,10.01734447,16.10000038,50,182.9032593,3.484061956,85.80000305
28/01/2022 16:00,169.6587219,9.999837875,17.29999924,50,182.9350433,3.504791498,85.80000305
28/01/2022 22:00,169.8006592,10.00732708,16.39999962,50,182.7316742,3.49565649,85.69999695
29/01/2022 04:00,170.7632446,10.00932789,18,50,182.9366455,3.501690626,85.59999847
29/01/2022 10:00,170.1934052,10.00377655,17.89999962,50,182.8566132,3.481183529,85.69999695
29/01/2022 16:00,169.9534149,9.95311451,17.39999962,50,182.8444214,3.51187396,85.80000305
29/01/2022 22:00,169.5647888,10.00245285,17.70000076,50,182.8666534,3.511613131,85.59999847
30/01/2022 04:00,169.7561493,10.00569534,17.70000076,50,182.8626556,3.496061325,85.30000305
30/01/2022 10:00,169.3444977,9.973112106,17,50,182.8331757,3.49770999,85.90000153
30/01/2022 16:00,169.984848,9.98627758,18.20000076,50,182.9692383,3.526240826,85.5
30/01/2022 22:00,169.0860748,9.984134674,16.60000038,50,182.9255219,3.534836292,85.69999695
31/01/2022 04:00,169.8504944,9.998622894,16,50,182.7232513,3.512724161,85.5
31/01/2022 10:00,170.1534576,10.01419449,18.60000038,50,182.9570923,0,86
31/01/2022 16:00,170.1861725,10.00151157,18.39999962,50,182.9400787,5.58E-05,85.90000153
31/01/2022 22:00,169.7302399,10.02932262,17,50,182.9824829,3.488686562,85.5
01/02/2022 04:00,170.2775726,10.00512314,16.29999924,50,182.9604187,3.482572794,85.5
01/02/2022 10:00,169.8104553,10.00885582,16,50,182.923233,3.493696928,85.40000153
01/02/2022 16:00,169.4530334,9.988909721,16.20000076,50,182.8895874,3.504672289,85.5
01/02/2022 22:00,170.5462646,10.01998806,15.89999962,0,182.8115234,6.496925831,85.59999847
02/02/2022 04:00,169.8455811,9.998261452,17.20000076,50,183.022583,3.474824905,85.5
02/02/2022 10:00,169.9772949,9.929094315,18,50,182.9056854,3.5203619,85.59999847
02/02/2022 16:00,170.3135223,10.01044273,17.39999962,50,182.8994904,3.522775173,85.80000305
02/02/2022 22:00,169.9300232,9.999016762,17.39999962,50,183.0270233,3.482090473,85.69999695
03/02/2022 04:00,170.7397156,10.01157475,18,50,182.9167938,3.516463995,85.90000153
03/02/2022 10:00,169.8957214,9.991222382,17.10000038,50,182.9051971,3.529926062,85.80000305
03/02/2022 16:00,170.3421021,10.0026226,16.79999924,50,183.1031952,3.51952672,85.90000153
03/02/2022 22:00,170.0478821,10.0229969,18.60000038,50,183.4303131,3.489268303,85.80000305
04/02/2022 04:00,169.8082428,10.00983334,19.10000038,50,183.3092804,3.498285294,86
04/02/2022 10:00,169.9127045,9.999681473,18.39999962,50,183.3622437,3.481493711,86.09999847
04/02/2022 16:00,170.4945374,9.992570877,17.5,50,183.2373962,3.496890306,85.80000305
04/02/2022 22:00,169.6660767,9.980381966,17.89999962,50,183.3782959,3.509894371,85.5
05/02/2022 04:00,170.0530701,10.01575756,18.89999962,50,183.3865051,3.518103838,85.69999695
05/02/2022 10:00,169.6923218,10.00837421,18.39999962,50,183.3852539,3.502087116,85.59999847
05/02/2022 16:00,170.1579132,10.03080273,18.5,50,183.4971924,3.468737841,86.19999695
05/02/2022 22:00,169.5435638,10.05373478,18.20000076,50,183.5428467,3.494648695,86.30000305
06/02/2022 04:00,169.5485687,10.01431942,17.89999962,50,183.4312744,3.054507732,86.19999695
06/02/2022 10:00,170.1994019,9.96523571,17.89999962,50,183.4871826,3.501196146,86.59999847
06/02/2022 16:00,170.1314697,9.98772049,19.5,50,183.429306,3.478413343,85.90000153
06/02/2022 22:00,170.2396088,10.00841808,17.29999924,50,183.2531281,3.503262043,85.80000305
07/02/2022 04:00,169.3124695,9.992321968,18.89999962,50,183.4360657,3.481895208,86.90000153
07/02/2022 10:00,169.6315765,10.0089922,18.10000038,50,183.4356079,3.5216012,86
07/02/2022 16:00,169.8612061,10.01608753,18.89999962,50,183.3870239,3.489990711,86
07/02/2022 22:00,169.7803345,9.978554726,18.10000038,50,183.4899902,3.506612301,85.80000305
08/02/2022 04:00,170.0473938,10.00081062,17.20000076,50,183.4373932,3.495130777,85.69999695
08/02/2022 10:00,169.789917,9.998198509,16.5,50,183.4268799,3.518405914,86.09999847
08/02/2022 16:00,170.3439484,10.0005312,17.89999962,50,183.4852142,3.525717258,85.80000305
08/02/2022 22:00,169.5082245,9.989358902,19.20000076,0,183.4402771,3.486305237,85.80000305
09/02/2022 04:00,170.1107941,10.00084209,18.89999962,50,183.2964478,3.522806644,86.09999847
09/02/2022 10:00,169.1749268,9.991494179,19.10000038,50,183.4969482,3.503556967,85.5
09/02/2022 16:00,169.7438202,10.0037241,19.29999924,50,183.4096222,3.496920586,85.69999695
09/02/2022 22:00,170.1335297,9.977425575,17.20000076,50,183.285141,3.469819069,85.80000305
10/02/2022 04:00,169.6819916,9.990804672,18,50,182.9167786,3.521595001,85.90000153
10/02/2022 10:00,169.4884644,10.08779812,17.89999962,50,182.8681946,3.4270823,85.40000153
10/02/2022 16:00,170.3299713,9.995547295,17.70000076,0,182.9139404,3.502894402,85.59999847
10/02/2022 22:00,170.5386505,10.00251961,17.60000038,50,183.0001526,6.749323368,85.40000153
11/02/2022 04:00,171.2997589,10.01996899,18.60000038,50,182.8908844,6.15E-05,86.40000153
11/02/2022 10:00,172.252533,9.99954319,19.10000038,50,182.8691864,2.00E-05,86.19999695
11/02/2022 16:00,172.1573944,10.03098965,17,50,182.8603363,0.000166039,86.09999847
11/02/2022 22:00,172.1350708,10.01460171,17,50,183.096405,0.000216884,86.59999847
12/02/2022 04:00,172.6415405,10.02415752,17.5,50,182.8952179,4.44E-05,86.19999695
12/02/2022 10:00,171.666153,10.00953865,17,50,182.9712982,0.000320368,85.5
12/02/2022 16:00,172.1590118,9.996671677,17.5,50,182.8665924,7.25E-05,85.80000305
12/02/2022 22:00,171.2811279,9.996045113,16.79999924,50,182.9190216,0.000195432,86.40000153
13/02/2022 04:00,172.1909485,9.844540596,17.60000038,50,182.8269348,9.51E-05,86
13/02/2022 10:00,171.402771,10.02322197,16.39999962,50,182.9444427,0.000153994,86.09999847
13/02/2022 16:00,172.5983429,9.992623329,17,50,182.6915436,5.44E-06,86.09999847
13/02/2022 22:00,172.4948273,10.0139904,16.39999962,50,182.8783112,2.98E-05,85.80000305
14/02/2022 04:00,171.4271698,9.988903999,17.39999962,50,182.9072266,2.95E-05,86
14/02/2022 10:00,171.7479248,10.03827,16.60000038,50,182.8457184,0.000205477,85.80000305
14/02/2022 16:00,172.2339935,10.00146866,17.29999924,50,182.9437714,9.56E-05,86.09999847
14/02/2022 22:00,171.5910492,10.0033989,17,50,182.8793488,3.501208305,86.09999847
15/02/2022 04:00,170.994751,10.03176498,16.60000038,50,182.8740845,3.498767614,85.5
15/02/2022 10:00,170.2974396,9.97943306,14.89999962,50,182.9534912,3.511490583,85
15/02/2022 16:00,170.0387726,10.00341225,14.89999962,50,182.8378754,3.501025915,85.19999695
15/02/2022 22:00,170.0786285,9.991334915,15.89999962,50,182.9204254,3.484927177,85.19999695
16/02/2022 04:00,170.6693726,10.00077724,17.39999962,50,183.0683746,3.509232759,85.90000153
16/02/2022 10:00,169.8534088,9.979286194,16.39999962,50,182.9021606,3.478691339,85.5
16/02/2022 16:00,170.1869354,10.00913811,16.29999924,50,182.9977875,3.52097559,85.69999695
16/02/2022 22:00,169.4723206,10.00277328,15.19999981,50,182.8788605,3.514800787,85.80000305
17/02/2022 04:00,170.2899933,9.994198799,15.30000019,50,182.9049072,3.498372316,85.80000305
17/02/2022 10:00,169.8562927,10.01635075,17.60000038,50,182.846756,3.510785103,85.69999695
17/02/2022 16:00,169.9621735,10.00209808,16.10000038,50,182.9203491,3.50263381,85.59999847
17/02/2022 22:00,170.0646362,10.00327682,16.5,50,182.9567719,3.487400532,86.30000305
18/02/2022 04:00,170.0619659,9.945308685,17,50,182.6889954,3.504040003,85.80000305
18/02/2022 10:00,169.2865448,9.985952377,17.70000076,50,182.8679047,3.505125999,85.59999847
18/02/2022 16:00,170.0245361,9.97274971,18.20000076,50,182.9099274,3.504521847,85.69999695
18/02/2022 22:00,170.1712646,9.825134277,16.60000038,50,182.8128662,3.495289326,85.80000305
19/02/2022 04:00,169.6200409,9.98230648,17.20000076,50,182.9925995,3.481733322,85.30000305
19/02/2022 10:00,169.6941986,9.985974312,16.70000076,50,182.9837341,3.4911623,86.09999847
19/02/2022 16:00,170.9029541,9.986027718,18.20000076,50,182.9985504,3.504552841,86.09999847
19/02/2022 22:00,169.7230682,9.998002052,17.29999924,50,182.9562531,3.519931555,85.80000305
20/02/2022 04:00,170.0473328,10.00720501,17.29999924,50,182.906311,3.474640369,85.5
20/02/2022 10:00,169.6238251,10.02765942,17.5,50,182.8900299,3.498125076,85.30000305
20/02/2022 16:00,169.2779083,9.970919609,17.39999962,50,183.0339813,3.45957303,85.69999695
20/02/2022 22:00,170.1965179,10.01318169,16.60000038,0,182.8768158,3.488599539,85.90000153
21/02/2022 04:00,170.4556885,10.01346588,18.60000038,50,182.9619904,3.505008936,85.59999847
21/02/2022 10:00,169.2555237,10.00442028,18.10000038,50,182.808609,3.50219655,85.80000305
21/02/2022 16:00,169.4979248,10.00447178,18.5,50,182.9016724,3.482067585,85.69999695
21/02/2022 22:00,169.4783173,10.00384808,17.70000076,50,182.8810425,3.522416353,85.5
22/02/2022 04:00,169.3070221,10.02873611,19,50,182.9220276,3.508366346,86
22/02/2022 10:00,169.9089966,9.996468544,16.60000038,50,182.9183807,3.505591393,86
22/02/2022 16:00,170.1593628,9.981803894,17.39999962,50,182.8128967,3.485975266,85.5
22/02/2022 22:00,169.4724121,10.00114822,16.79999924,50,183.0298157,3.505152464,85.69999695
23/02/2022 04:00,169.9399261,10.00802517,17.70000076,50,182.8872681,3.503633022,85.59999847
23/02/2022 10:00,170.4020844,9.992067337,17,50,182.896286,3.521317482,85.69999695
23/02/2022 16:00,170.4968262,10.00784302,18.5,50,182.861618,3.503637552,85.5
23/02/2022 22:00,169.5326996,10.00222111,17.70000076,50,182.9235687,3.508931637,85.80000305
24/02/2022 04:00,170.5022125,10.04581261,19.29999924,50,182.924057,3.501357794,85.90000153
24/02/2022 10:00,170.1512909,10.01185131,16.70000076,50,182.8773346,3.480499029,85.90000153
24/02/2022 16:00,170.1088409,10.02597237,17.20000076,50,182.9320679,3.522035599,85.69999695
24/02/2022 22:00,169.9175568,9.974707603,18.89999962,50,182.6977386,3.478413343,85.90000153
25/02/2022 04:00,171.6327057,10.00893211,18.5,50,182.8708038,0.000155473,85.5
25/02/2022 10:00,170.4142761,9.981536865,18,50,182.953598,2.59E-05,86
25/02/2022 16:00,171.5812073,10.00404644,20,50,182.8948517,2.44E-05,86.30000305
25/02/2022 22:00,172.282074,9.995051384,17.39999962,50,182.8048096,2.29E-06,86.30000305
26/02/2022 04:00,171.8656006,9.963218689,16.60000038,50,183.0211487,0.00014525,86.40000153
26/02/2022 10:00,171.6220856,9.995942116,16.20000076,50,182.8453217,0.000215628,86.19999695
26/02/2022 16:00,171.4986267,9.984513283,17,50,182.9234619,-3.64E-05,85.5
26/02/2022 22:00,171.3229523,10.02042103,17.89999962,50,182.9430389,4.94E-05,85.69999695
27/02/2022 04:00,172.0963593,10.00984669,17.5,50,182.84758,0.000109648,86.19999695
27/02/2022 10:00,171.127243,9.952624321,17.20000076,50,182.9189453,0.000117297,86.09999847
27/02/2022 16:00,172.4806366,10.01331711,18.20000076,50,183.0587006,0.000103324,85.90000153
27/02/2022 22:00,172.024353,9.981977463,16.70000076,50,182.854538,1.78E-06,86.30000305
28/02/2022 04:00,172.4321289,9.989778519,17.10000038,50,183.0141144,0.000250607,86.19999695
28/02/2022 10:00,171.290451,10.01043892,16.70000076,50,182.944397,0.000158197,86.30000305
28/02/2022 16:00,172.1928101,10.00055885,17.60000038,50,182.9656067,0.00017047,85.90000153
28/02/2022 22:00,171.8670502,10.00465775,17.5,50,182.9332428,3.470521927,86.09999847
01/03/2022 04:00,170.3027802,10.0022583,17.60000038,50,182.8921051,3.50912261,86.09999847
01/03/2022 10:00,170.0039215,10.00268269,16.5,50,182.8178406,3.518851995,86
01/03/2022 16:00,170.1506042,10.02401447,16,50,182.8964539,3.495347023,85.5
01/03/2022 22:00,169.8299408,9.992444992,16.60000038,39.97166443,182.9852295,3.504345655,85.40000153
02/03/2022 04:00,169.5237579,10.01012802,17.29999924,50,182.9040375,3.493016243,85.40000153
02/03/2022 10:00,170.067276,10.00405502,16,50,182.8352814,3.477715254,85.69999695
02/03/2022 16:00,169.575592,9.973548889,19,50,182.9197388,3.518802881,85.90000153
02/03/2022 22:00,169.7338867,9.996273041,18.10000038,50,182.9454041,3.499758959,85.5
03/03/2022 04:00,169.3481293,10.02042198,19.70000076,50,182.8194885,3.497582912,85.80000305
03/03/2022 10:00,170.0973969,10.00781441,13.5,50,182.8626709,3.4871943,86
03/03/2022 16:00,170.2062836,9.996594429,18.20000076,50,182.8054962,3.513724327,85.80000305
03/03/2022 22:00,170.3746185,10.00999737,17.29999924,50,182.8663177,3.48989892,85.5
04/03/2022 04:00,169.8590088,9.99037075,17.60000038,50,182.929306,3.465634584,86.09999847
04/03/2022 10:00,169.8217163,9.997151375,19,50,182.8820343,3.505661726,85.90000153
04/03/2022 16:00,170.2479858,10.0199213,19.5,50,182.8865662,3.49718833,85.80000305
04/03/2022 22:00,169.6024933,10.00561047,19.39999962,50,182.9105377,3.503851891,85.90000153
05/03/2022 04:00,169.9546967,9.994499207,19.10000038,0,182.894577,3.50662899,86
05/03/2022 10:00,170.3318176,10.00695038,17.39999962,50,182.8901367,3.510204077,86
05/03/2022 16:00,170.2613068,10.02900219,17.60000038,50,182.9408569,3.481009722,85.80000305
05/03/2022 22:00,169.8601379,9.987324715,18.5,50,182.8321381,3.494692802,86.19999695
06/03/2022 04:00,170.6430664,10.01343536,18,50,183.110321,3.490147352,87.09999847
06/03/2022 10:00,170.1790771,9.997020721,18.70000076,50,182.9887543,0.68055439,85.69999695
06/03/2022 16:00,170.4509735,9.978063583,19.10000038,50,182.87146,3.483858347,85.69999695
06/03/2022 22:00,170.3236847,10.02633286,18.10000038,50,182.9269409,3.500594378,85.80000305
07/03/2022 04:00,169.948822,10.00520897,18.29999924,50,183.1452179,3.502077579,85.90000153
07/03/2022 10:00,170.164978,9.994783401,18.20000076,50,182.8689423,3.495483875,86.09999847
07/03/2022 16:00,170.4831696,10.0291872,17.39999962,50,182.8899078,3.501825333,85.80000305
07/03/2022 22:00,170.2562866,9.986251831,20.20000076,50,182.9356232,3.520519972,86
08/03/2022 04:00,170.4653015,10.01734066,19.60000038,50,182.7526245,3.60599494,86.19999695
08/03/2022 10:00,169.980423,10.0105114,18,50,182.9134369,3.490941286,86
08/03/2022 16:00,170.2223206,10.01959705,18.29999924,50,182.897644,3.214741945,85.59999847
08/03/2022 22:00,170.122467,10.00349426,15.19999981,50,182.9257202,3.51129818,86
09/03/2022 04:00,170.3848724,9.960837364,17.20000076,50,183.0178833,3.484629393,86
09/03/2022 10:00,169.9268494,9.994561195,17.70000076,50,182.9621735,3.494214296,85.40000153
09/03/2022 16:00,170.4223938,10.01802921,16.10000038,50,182.9720001,3.500996828,85.90000153
09/03/2022 22:00,169.9108734,10.00412273,18.20000076,50,182.8904572,3.515842438,86.09999847
10/03/2022 04:00,170.3195496,10.0089159,18.5,50,182.9077454,3.499304533,86
10/03/2022 10:00,169.9678497,10.01591206,19.20000076,50,182.851532,3.488866568,86.30000305
10/03/2022 16:00,170.2238312,9.983472824,18.70000076,50,182.9086609,3.522174597,86
10/03/2022 22:00,170.419693,10.0279808,18.70000076,50,182.8137207,1.241110206,86.30000305
11/03/2022 04:00,170.4928284,10.02240753,18.5,50,182.8490143,-1.55E-05,86.09999847
11/03/2022 10:00,172.4698792,10.02495098,18.5,50,182.9333191,0.000100461,86.30000305
11/03/2022 16:00,172.3971863,10.02531719,19.5,50,183.0292206,2.10E-05,86.5
11/03/2022 22:00,172.1868896,10.02950573,19.29999924,50,182.9747772,0.000248232,86.80000305
12/03/2022 04:00,172.377594,10.01240063,18.79999924,50,183.0476837,9.93E-05,86.80000305
12/03/2022 10:00,171.5796356,9.991004944,16.29999924,50,183.0647125,6.35E-05,86.80000305
12/03/2022 16:00,171.1342468,10.00427914,16.60000038,50,182.8549805,0.000169815,86.90000153
12/03/2022 22:00,172.000473,10.00122452,16.79999924,50,182.9657898,0.000304528,86.30000305
13/03/2022 04:00,171.7197113,9.984041214,16.60000038,50,182.9850616,0.000154119,86.59999847
13/03/2022 10:00,171.9421539,10.01833725,16.20000076,50,182.8961029,0.00015455,86.5
13/03/2022 16:00,171.1864929,9.986436844,17.89999962,50,182.9676361,0.000154072,86.30000305
13/03/2022 22:00,171.9380493,9.912888527,17.29999924,50,183.0710449,3.28E-06,86.40000153
14/03/2022 04:00,171.4203186,10.00626564,17.20000076,50,182.918457,0.000132374,86.30000305
14/03/2022 10:00,171.7778625,10.01852036,16.29999924,50,183.0522614,4.94E-05,86.40000153
14/03/2022 16:00,171.5349731,10.01373672,15.5,50,182.9460297,8.47E-05,85.5
14/03/2022 22:00,171.1089172,10.00563908,16.79999924,50,182.8018188,3.478662729,86.09999847
15/03/2022 04:00,170.9109344,10.00754547,17,0,182.8885193,3.488332033,85.59999847
15/03/2022 10:00,170.183609,10.00393009,16.70000076,50,182.9790649,3.485437393,85.90000153
15/03/2022 16:00,170.0076904,9.98495388,17,50,182.9215546,3.508678436,85.59999847
15/03/2022 22:00,170.2522125,10.01057053,17,50,182.9419403,3.492746115,85.69999695
16/03/2022 04:00,170.6908417,9.920921326,15.39999962,50,182.9225616,3.524908543,85.59999847
16/03/2022 10:00,169.8427734,10.00087643,15.80000019,50,182.8909912,3.501121521,85.69999695
16/03/2022 16:00,170.1754761,10.01906681,15.80000019,50,182.9761047,3.506977797,85.59999847
16/03/2022 22:00,170.0616302,9.979805946,17.60000038,50,182.9562836,3.495133162,85.5
17/03/2022 04:00,169.4004211,10.00176334,18.10000038,50,182.9128113,3.509620428,85.59999847
17/03/2022 10:00,170.1309509,10.012743,17.70000076,50,182.9075012,3.509316206,85.40000153
17/03/2022 16:00,170.2234344,10.0118866,16.89999962,50,182.9086151,3.491165161,85.09999847
17/03/2022 22:00,169.5929871,9.996423721,16.39999962,50,182.9712372,3.490148783,86
18/03/2022 04:00,169.5540161,10.01589584,16.5,50,182.9045258,3.474808216,85.40000153
18/03/2022 10:00,169.7374115,10.01626205,17.70000076,50,182.9438934,3.510603428,85.09999847
18/03/2022 16:00,170.0109406,10.0040741,18.60000038,50,182.9049377,3.496300697,85.69999695
18/03/2022 22:00,170.0082092,9.99179554,18.10000038,50,182.8868256,3.48102951,86
19/03/2022 04:00,170.7179108,9.986930847,18,50,182.9354553,3.494538307,85.80000305
19/03/2022 10:00,169.9976196,9.968959808,17.79999924,50,182.9819183,3.514032841,85.09999847
19/03/2022 16:00,170.5192719,3.53E-37,17,50,182.9992981,3.492273331,85.69999695
19/03/2022 22:00,169.9495087,10.00585175,16.5,50,182.9860535,3.51290369,85.5
20/03/2022 04:00,170.3703308,9.998009682,19,0,183.0074768,3.525076151,85.59999847
20/03/2022 10:00,169.5892334,10.01224327,18.79999924,50,182.9474792,3.480738401,85.5
20/03/2022 16:00,170.5148468,10.0124464,18.39999962,50,183.0606384,3.515898705,86.69999695
20/03/2022 22:00,169.9816742,9.995526314,19.20000076,50,182.9150085,3.483424425,85.40000153
21/03/2022 04:00,170.4638977,10.00690269,19,50,182.9455719,3.495206594,85.5
21/03/2022 10:00,170.6050568,10.03094769,18,50,182.8704681,3.508456707,85.30000305
21/03/2022 16:00,170.4514465,10.01825905,18.20000076,50,183.0067291,3.528555632,85.5
21/03/2022 22:00,169.57164,10.00907612,19.10000038,50,183.0869904,3.482232809,85.30000305
22/03/2022 04:00,169.5203247,9.998519897,16.60000038,50,182.918869,3.497300863,85.30000305
22/03/2022 10:00,169.9105072,9.974504471,18,50,182.9056549,3.496917486,85.69999695
22/03/2022 16:00,169.6963959,9.940199852,18.5,50,182.8820801,3.488837242,85.69999695
22/03/2022 22:00,170.6201019,10.00895882,17.10000038,50,182.8421936,3.517468452,85.5
23/03/2022 04:00,170.2978363,9.99849987,16.10000038,50,182.8784637,3.491587877,85.5
23/03/2022 10:00,170.1512909,9.99407196,16.39999962,50,182.9897614,3.508302927,85.59999847
23/03/2022 16:00,169.7951355,9.996657372,17.39999962,50,182.8467255,3.505830765,85.30000305
23/03/2022 22:00,170.2313385,10.02687359,17.29999924,50,182.8536835,3.502260447,85.59999847
24/03/2022 04:00,169.7141571,9.963306427,17.70000076,50,182.930603,3.510488749,85.5
24/03/2022 10:00,169.7464447,10.00890636,17.60000038,50,182.9924316,3.500163317,85.19999695
24/03/2022 16:00,170.0640869,9.990490913,18.10000038,50,182.9423523,3.507626534,86.09999847
24/03/2022 22:00,171.1956024,10.01490879,18,50,182.9175415,5.359948635,85.5
25/03/2022 04:00,171.7454376,9.999513626,17.20000076,50,183.0960846,0.000249857,86.40000153
25/03/2022 10:00,171.7016754,10.01628208,17.5,50,182.9419861,2.82E-05,86.19999695
25/03/2022 16:00,172.4634857,9.985871315,18.60000038,50,182.9697113,7.60E-05,85.90000153
25/03/2022 22:00,172.2000275,10.0127964,18.20000076,50,182.8987427,0.000106098,85.59999847
26/03/2022 04:00,172.1139069,10.01087761,17.39999962,50,182.9256134,0.000146615,85.5
26/03/2022 10:00,172.2045593,10.00730705,17.39999962,50,182.9797821,0.000226637,85.90000153
26/03/2022 16:00,172.0754089,10.00836182,18.10000038,50,183.0827942,0.000140229,86
26/03/2022 22:00,172.0606384,10.00416946,15.39999962,50,182.9742279,2.09E-05,86.30000305
27/03/2022 04:00,172.1600189,9.989785194,15.39999962,50,182.9483795,1.66E-05,85.59999847
27/03/2022 10:00,171.643631,9.961232185,15.60000038,50,182.9647522,2.86E-05,85.90000153
27/03/2022 16:00,171.0888367,9.999149323,16.20000076,50,182.9487152,0.000210523,86
27/03/2022 22:00,171.4203033,10.01133347,16.89999962,0,183.0248413,0.000109429,85.90000153
28/03/2022 04:00,172.1021729,9.956843376,16,50,182.8516235,0.000254808,86.19999695
28/03/2022 10:00,171.7581177,9.914331436,15.19999981,50,182.9243011,2.52E-05,86.09999847
28/03/2022 16:00,171.4555511,9.994622231,15.60000038,50,182.9428864,2.16E-06,86.09999847
28/03/2022 22:00,170.616745,9.988385201,16.29999924,50,183.0444031,3.483205557,86.30000305
29/03/2022 04:00,171.5414124,10.01125145,15,50,183.0698242,3.505153894,85.69999695
29/03/2022 10:00,170.5308685,10.02562332,18,50,183.188324,3.481116772,85.19999695
29/03/2022 16:00,170.2440948,10.0171442,16.60000038,50,182.8774109,3.518630266,85.09999847
29/03/2022 22:00,169.9787598,9.997214317,17.20000076,50,182.8554535,3.482119083,85.30000305
30/03/2022 04:00,170.2053375,10.00607777,17.60000038,50,182.8869476,3.493808031,85.30000305
30/03/2022 10:00,170.1031494,9.991662979,16.20000076,50,182.8468933,3.504797935,85.69999695
30/03/2022 16:00,169.0327454,9.975331306,15,50,183.0992737,3.485170603,85.69999695
30/03/2022 22:00,169.6577606,9.993178368,15.60000038,50,182.9005127,3.483855486,85.80000305
31/03/2022 04:00,169.4466705,9.990523338,17.29999924,50,182.9779053,3.50483942,85.69999695
31/03/2022 10:00,169.2254791,9.992692947,16.70000076,50,182.8772888,3.492226839,86
31/03/2022 16:00,170.1770325,9.992872238,17.20000076,50,182.9307556,3.481606245,85.09999847
31/03/2022 22:00,170.2985077,10.00923634,17,50,182.9151917,3.497548103,85.80000305
01/04/2022 04:00,170.8553619,9.994234085,16.39999962,50,182.9645691,3.495196104,86
01/04/2022 10:00,169.5322876,9.995976448,16.60000038,50,182.9593964,3.495614767,85.59999847
01/04/2022 16:00,169.2826843,9.987725258,18.10000038,0,182.8867035,3.497111082,85.59999847
01/04/2022 22:00,170.3921967,10.01284599,17.60000038,75,182.8665009,3.515762329,85.90000153
02/04/2022 04:00,169.9149628,10.00757504,17.79999924,75,182.8394318,3.488065004,86.09999847
02/04/2022 10:00,169.1964874,9.992488861,18,75,182.9417877,3.482321262,85.80000305
02/04/2022 16:00,169.8669739,9.975895882,17.5,75,182.8617401,3.503651142,85.59999847
02/04/2022 22:00,169.8062439,10.0126791,16.70000076,75,182.875061,3.496911764,86
03/04/2022 04:00,170.1974335,10.00166512,16.60000038,75,182.9276276,3.487536192,86.30000305
03/04/2022 10:00,169.8156891,9.964851379,18,0,182.9435272,3.500167131,86.19999695
03/04/2022 16:00,169.5666199,10.02506256,17.20000076,75,182.8371429,3.494082212,85.90000153
03/04/2022 22:00,170.4398041,10.00864887,18.20000076,75,182.9954529,3.522414446,85.90000153
04/04/2022 04:00,169.6482544,9.980633736,17.39999962,75,182.9612885,3.508352757,85.69999695
04/04/2022 10:00,169.579071,9.994757652,17.29999924,75,182.9211884,3.508675814,85.5
04/04/2022 16:00,170.644577,9.99214077,17,75,183.0792389,3.519934893,85.09999847
04/04/2022 22:00,170.1521454,10.00284576,17.10000038,75,182.8347168,3.519266129,85.80000305
05/04/2022 04:00,170.9474487,10.01413059,16.79999924,75,182.9234467,3.501014709,85.09999847
05/04/2022 10:00,169.8962097,10.00205994,17.10000038,0,182.9523315,3.507477522,85.69999695
05/04/2022 16:00,170.2565155,10.01750755,18.5,50,183.0021515,3.499924421,85.59999847
05/04/2022 22:00,170.1551819,10.0010252,18,50,182.8903809,3.49737072,85.59999847
06/04/2022 04:00,171.0231323,10.00884914,17.89999962,50,183.0645905,3.507245779,85.59999847
06/04/2022 10:00,170.1183014,9.990116119,16.5,50,183.0479431,3.505303621,86
06/04/2022 16:00,169.5033875,9.930913925,16.20000076,50,183.0707397,3.497702837,86.09999847
06/04/2022 22:00,169.4943848,10.01404858,17.10000038,50,182.9158173,3.50033164,85.40000153
07/04/2022 04:00,170.5002899,10.00643063,17.5,50,182.8752747,3.493297815,85.59999847
07/04/2022 10:00,169.8482361,10.02157688,14.39999962,50,182.8184662,3.503260612,85.30000305
07/04/2022 16:00,170.0520172,9.99981308,18.29999924,50,182.8980255,3.492467642,85.30000305
07/04/2022 22:00,171.2127838,10.01801014,18.20000076,50,182.8853455,6.748932362,86
08/04/2022 04:00,171.6142426,10.02326775,17.79999924,50,183.1007538,7.53E-05,86.5
08/04/2022 10:00,171.6532593,10.01105595,16.89999962,50,182.8384552,5.07E-05,86.40000153
08/04/2022 16:00,172.4334564,10.01058006,17.89999962,50,183.0344238,1.70E-05,85.59999847
08/04/2022 22:00,172.1602631,10.00392914,17.60000038,50,182.956604,0.00013288,85.59999847
09/04/2022 04:00,172.0139923,10.00678158,17.5,0,183.0104523,0.000119834,85.5
09/04/2022 10:00,172.0187531,10.01620102,16.60000038,50,182.9384613,0.000271202,85.5
09/04/2022 16:00,171.9826813,9.985853195,17.39999962,50,182.833786,0.00021967,85.80000305
09/04/2022 22:00,171.6496735,9.966082573,16.79999924,50,182.9673462,9.62E-05,86
10/04/2022 04:00,172.6076202,10.00415421,15.60000038,50,182.8987885,5.98E-05,86
10/04/2022 10:00,172.2629852,10.00151634,16.39999962,50,182.9181824,8.17E-05,86.19999695
10/04/2022 16:00,171.553299,9.992841721,17,0,182.9459839,0.000196474,85.80000305
10/04/2022 22:00,172.0065155,10.01016712,16.70000076,50,183.09375,9.10E-05,85.80000305
11/04/2022 04:00,171.4485016,10.01072407,17.60000038,50,182.9351349,7.88E-05,85.30000305
11/04/2022 10:00,172.2612915,10.0012846,18.10000038,50,183.0346375,4.62E-05,86
11/04/2022 16:00,158.486084,9.270612717,21.29999924,50,183.0479736,0.000240052,86.09999847
11/04/2022 22:00,105.3934174,7.893485069,23.39999962,10.00175381,182.9375,3.468001366,85.19999695
12/04/2022 04:00,105.4713516,8.02804184,26.89999962,0,182.9315491,3.501746416,85.30000305
12/04/2022 10:00,105.4350204,8.016757965,28.20000076,0,182.9148407,3.500658512,85
12/04/2022 16:00,107.3470078,7.996007442,29.79999924,0,182.9612274,3.499912262,85.30000305
12/04/2022 22:00,107.0541306,8.000185966,27.29999924,0,183.0030975,3.487426281,85.19999695
13/04/2022 04:00,107.6822281,7.974034786,28.5,0,182.9539642,3.493854046,85.19999695
13/04/2022 10:00,136.7959747,10.00775528,21.70000076,0,182.8717041,3.497636557,86.40000153
13/04/2022 16:00,152.7902527,9.991501808,19.10000038,0,182.9944153,3.46269536,85.80000305
13/04/2022 22:00,153.2965851,10.00428104,18.70000076,50,182.9116516,3.504035473,85.90000153
14/04/2022 04:00,152.96521,9.992265701,20.29999924,50,182.8450317,3.481829882,85.59999847
14/04/2022 10:00,157.9112396,10.01290512,17.79999924,50,182.9881439,3.49402976,85.5
14/04/2022 16:00,161.3710785,9.995615959,18.70000076,50,182.915451,3.511156559,85.40000153
14/04/2022 22:00,160.5073242,9.987232208,18,50,182.8493347,3.49063468,85.19999695
15/04/2022 04:00,161.3374481,10.0130043,17.20000076,50,182.8655853,3.490584135,85.09999847
15/04/2022 10:00,160.8030853,10.01074123,15.69999981,50,183.0529785,3.508413553,85.09999847
15/04/2022 16:00,168.7915955,9.996951103,15.80000019,50,182.9240875,3.489133358,85.19999695
15/04/2022 22:00,170.1556702,10.01442909,16.70000076,50,183.0006561,3.49447298,85.30000305
16/04/2022 04:00,169.776413,9.998458862,16.60000038,50,182.9248505,3.494355679,85.40000153
16/04/2022 10:00,168.732254,9.975489616,16,50,182.9446716,3.507085323,85.40000153
16/04/2022 16:00,169.3504486,9.991714478,16.89999962,50,182.9763794,3.491500616,85.5
16/04/2022 22:00,169.7780304,9.986349106,17.20000076,50,182.9764252,3.49181819,85.19999695
17/04/2022 04:00,170.2633667,9.991063118,17,50,182.8699036,3.492230892,85.30000305
17/04/2022 10:00,170.1271057,9.981565475,17,50,182.9449005,3.510206461,85.5
17/04/2022 16:00,170.2987823,9.99201107,17.29999924,0,182.9820862,3.516150475,85.59999847
17/04/2022 22:00,170.8673401,10.00422287,17.79999924,50,182.8368835,6.749076366,85.30000305
18/04/2022 04:00,171.1770477,9.997674942,18.10000038,50,183.291748,2.18E-05,86.09999847
18/04/2022 10:00,172.0608063,9.992994308,16.5,50,183.0280304,1.23E-06,86
18/04/2022 16:00,169.6139221,10.00816631,17.20000076,50,182.8458252,3.451420546,85.80000305
18/04/2022 22:00,169.6793213,10.00271797,17.70000076,50,182.9328156,3.502745867,84.69999695
19/04/2022 04:00,169.7052307,10.00649548,16.39999962,50,182.9997253,3.490435839,85.09999847
19/04/2022 10:00,170.4283142,10.00963974,18.5,0,182.8710938,3.505821705,85.30000305
19/04/2022 16:00,170.5250244,9.972408295,17.10000038,50,182.8181,3.490706682,85.40000153
19/04/2022 22:00,169.7355042,9.9939785,17.5,50,182.9620972,3.498422623,85.30000305
20/04/2022 04:00,170.5684204,10.00079441,17.60000038,50,182.8752899,3.545547485,85
20/04/2022 10:00,169.7491455,10.01231003,17.79999924,50,182.9521942,3.484890223,85.59999847
20/04/2022 16:00,169.986969,9.993991852,17.20000076,50,182.930542,3.501410484,85.40000153
20/04/2022 22:00,170.7460022,10.03420925,17,50,182.9582977,5.707285404,85.40000153
21/04/2022 04:00,170.9203796,9.998894691,17,0,183.085907,2.70E-05,85.40000153
21/04/2022 10:00,172.1812592,10.00656223,16.10000038,50,182.9724731,6.71E-06,85.59999847
21/04/2022 16:00,172.0093994,9.993159294,17.5,50,182.917038,0.000150928,85.90000153
21/04/2022 22:00,171.8039551,9.999794006,17.70000076,50,183.0840302,3.87E-06,86.19999695
22/04/2022 04:00,171.7297668,9.9958601,16.79999924,50,183.0651855,2.42E-05,86
22/04/2022 10:00,172.3524017,10.03045845,17.20000076,50,182.9029999,0.000351077,86.09999847
22/04/2022 16:00,171.282486,9.856192589,16.20000076,50,183.0257263,0.000194901,86.30000305
22/04/2022 22:00,171.5978851,9.960820198,15.89999962,50,182.852005,0.000133449,86.09999847
23/04/2022 04:00,172.2433167,10.00560856,17.70000076,50,182.9088593,0.00032881,86
23/04/2022 10:00,171.9856567,10.00096989,16.29999924,50,182.92659,0.000156055,85.69999695
23/04/2022 16:00,172.5632477,9.996794701,16.60000038,50,182.9295807,9.64E-05,85.90000153
23/04/2022 22:00,172.4064026,9.994630814,16.20000076,50,182.9100647,3.93E-06,86.09999847
24/04/2022 04:00,172.0374908,10.05370808,15.39999962,50,182.8878326,3.89E-05,85.90000153
24/04/2022 10:00,170.7025452,10.0280323,13.69999981,50,182.9859467,5.80E-05,85.90000153
24/04/2022 16:00,172.3282776,10.00128651,14,50,182.9134521,1.74E-08,85.69999695
24/04/2022 22:00,171.0533905,10.01492023,13.80000019,50,183.0680389,4.78E-06,85.80000305
25/04/2022 04:00,171.7129669,10.02335167,14.5,50,182.8996429,3.520991564,85.69999695
25/04/2022 10:00,170.8170166,9.977463722,15.19999981,50,183.2794342,3.611854315,85.09999847
25/04/2022 16:00,170.1290741,10.0178051,15.30000019,50,183.0505371,3.509680986,85.30000305
25/04/2022 22:00,170.3794556,9.997841835,15.89999962,50,183.01828,3.499480247,85.69999695
26/04/2022 04:00,169.8978271,9.951983452,16.79999924,50,182.8827057,3.483881712,85.59999847
26/04/2022 10:00,169.9979401,9.995539665,15.19999981,50,182.8890076,3.508066893,85.59999847
26/04/2022 16:00,169.7296295,9.981464386,15.89999962,50,182.9927368,3.495723963,85.5
26/04/2022 22:00,170.2620239,10.02207088,15.30000019,50,182.9461823,3.49459815,85.30000305
27/04/2022 04:00,170.0949554,10.00040054,16.39999962,50,183.1807709,3.482749939,85.5
27/04/2022 10:00,170.090332,10.02262592,15.80000019,50,182.9745178,3.53016305,85.80000305
27/04/2022 16:00,170.0023346,9.989883423,16.70000076,50,182.9410858,3.511554718,85.5
27/04/2022 22:00,169.635025,9.998601913,16.89999962,50,182.9352417,3.497779131,85.09999847
28/04/2022 04:00,169.9807739,10.00517178,15.5,50,182.9157867,3.517472744,85.40000153
28/04/2022 10:00,170.1713409,10.01708508,14.80000019,50,182.9888306,3.515489101,85.5
28/04/2022 16:00,169.6438599,10.01934624,16,50,182.8882599,3.519125223,85.19999695
28/04/2022 22:00,169.7770081,10.00522232,16.5,50,182.9509735,3.523726702,85.40000153
29/04/2022 04:00,170.0163116,10.00657749,16.89999962,50,182.9103241,3.496392727,84.59999847
29/04/2022 10:00,169.9614716,9.976158142,16.89999962,50,183.0390778,3.493797302,85.69999695
29/04/2022 16:00,170.3036957,9.869850159,16.79999924,50,182.8874054,3.489082813,85.59999847
29/04/2022 22:00,170.2753448,9.974286079,16.29999924,50,182.9255066,3.468153238,85.59999847
30/04/2022 04:00,170.8303833,10.00285721,17.20000076,50,182.878479,3.47577405,85.5
30/04/2022 10:00,169.84552,10.01389217,15.39999962,50,182.8144226,3.517874479,85.59999847
30/04/2022 16:00,169.6878204,10.04894543,16.60000038,50,182.9658966,3.4948349,85.30000305
30/04/2022 22:00,169.8789368,10.0011034,17,50,182.8556519,3.495725393,85.69999695
01/05/2022 04:00,169.9780273,9.979391098,16.39999962,0,182.9443665,3.514032125,86.19999695
01/05/2022 10:00,169.5327911,10.04477501,17.10000038,50,182.8827972,3.496039867,85.69999695
01/05/2022 16:00,170.1256104,10.03483772,15.89999962,50,183.0354309,3.520582914,85.90000153
01/05/2022 22:00,170.2498322,10.00294876,15.39999962,50,182.8878174,3.51330924,85.19999695
02/05/2022 04:00,170.4081573,10.01015949,16.60000038,50,182.9598846,3.508055687,85.59999847
02/05/2022 10:00,170.2439575,10.02427292,15.39999962,50,182.8619537,3.496064186,85.5
02/05/2022 16:00,170.4669952,10.00519848,17.29999924,50,182.9823761,3.513251543,85.5
02/05/2022 22:00,169.7666321,10.02371311,16.79999924,50,182.8730011,3.485692501,85.59999847
